Restoran İsmi,Adres,Telefon,E-posta
Veysel Dayının Yeri,Adres Bilinmiyor,Telefon Bilinmiyor,E-posta Bilinmiyor
midpoint,Adres Bilinmiyor,Telefon Bilinmiyor,E-posta Bilinmiyor
Bilinmiyor,Adres Bilinmiyor,Telefon Bilinmiyor,E-posta Bilinmiyor
Bilinmiyor,Adres Bilinmiyor,Telefon Bilinmiyor,E-posta Bilinmiyor
Bilinmiyor,Adres Bilinmiyor,Telefon Bilinmiyor,E-posta Bilinmiyor
Bilinmiyor,Adres Bilinmiyor,Telefon Bilinmiyor,E-posta Bilinmiyor
Erzurum Cağ Kebabı,Adres Bilinmiyor,Telefon Bilinmiyor,E-posta Bilinmiyor
Namık Usta,Adres Bilinmiyor,Telefon Bilinmiyor,E-posta Bilinmiyor
Pidem,Adres Bilinmiyor,Telefon Bilinmiyor,E-posta Bilinmiyor
Soğuk Su Restorant,Adres Bilinmiyor,Telefon Bilinmiyor,E-posta Bilinmiyor
Bilinmiyor,Adres Bilinmiyor,Telefon Bilinmiyor,E-posta Bilinmiyor
Köfteci Yusuf,Adres Bilinmiyor,Telefon Bilinmiyor,E-posta Bilinmiyor
Özler Lezzet Pazarı,Adres Bilinmiyor,Telefon Bilinmiyor,E-posta Bilinmiyor
Balıkçı Selim,Adres Bilinmiyor,Telefon Bilinmiyor,E-posta Bilinmiyor
